genome,coco_id,vg_url,coco_url
61513,567396,https://cs.stanford.edu/people/rak248/VG_100K/61513.jpg,http://images.cocodataset.org/train2014/COCO_train2014_000000567396.jpg
61514,165203,https://cs.stanford.edu/people/rak248/VG_100K/61514.jpg,http://images.cocodataset.org/train2014/COCO_train2014_000000165203.jpg
61537,326071,https://cs.stanford.edu/people/rak248/VG_100K/61537.jpg,http://images.cocodataset.org/train2014/COCO_train2014_000000326071.jpg
61574,377213,https://cs.stanford.edu/people/rak248/VG_100K/61574.jpg,http://images.cocodataset.org/train2014/COCO_train2014_000000377213.jpg
107906,175020,https://cs.stanford.edu/people/rak248/VG_100K/107906.jpg,http://images.cocodataset.org/train2014/COCO_train2014_000000175020.jpg
107909,71754,https://cs.stanford.edu/people/rak248/VG_100K/107909.jpg,http://images.cocodataset.org/train2014/COCO_train2014_000000071754.jpg
107930,375464,https://cs.stanford.edu/people/rak248/VG_100K/107930.jpg,http://images.cocodataset.org/train2014/COCO_train2014_000000375464.jpg
107933,410707,https://cs.stanford.edu/people/rak248/VG_100K/107933.jpg,http://images.cocodataset.org/train2014/COCO_train2014_000000410707.jpg
107955,272026,https://cs.stanford.edu/people/rak248/VG_100K/107955.jpg,http://images.cocodataset.org/train2014/COCO_train2014_000000272026.jpg
107964,198735,https://cs.stanford.edu/people/rak248/VG_100K/107964.jpg,http://images.cocodataset.org/train2014/COCO_train2014_000000198735.jpg
150273,198596,https://cs.stanford.edu/people/rak248/VG_100K/150273.jpg,http://images.cocodataset.org/train2014/COCO_train2014_000000198596.jpg
150277,356362,https://cs.stanford.edu/people/rak248/VG_100K/150277.jpg,http://images.cocodataset.org/train2014/COCO_train2014_000000356362.jpg
150280,271987,https://cs.stanford.edu/people/rak248/VG_100K/150280.jpg,http://images.cocodataset.org/train2014/COCO_train2014_000000271987.jpg
150290,204422,https://cs.stanford.edu/people/rak248/VG_100K/150290.jpg,http://images.cocodataset.org/train2014/COCO_train2014_000000204422.jpg
150296,138501,https://cs.stanford.edu/people/rak248/VG_100K/150296.jpg,http://images.cocodataset.org/train2014/COCO_train2014_000000138501.jpg
150303,340145,https://cs.stanford.edu/people/rak248/VG_100K/150303.jpg,http://images.cocodataset.org/train2014/COCO_train2014_000000340145.jpg
150374,460728,https://cs.stanford.edu/people/rak248/VG_100K/150374.jpg,http://images.cocodataset.org/train2014/COCO_train2014_000000460728.jpg
150384,3860,https://cs.stanford.edu/people/rak248/VG_100K/150384.jpg,http://images.cocodataset.org/train2014/COCO_train2014_000000003860.jpg
150432,543332,https://cs.stanford.edu/people/rak248/VG_100K/150432.jpg,http://images.cocodataset.org/train2014/COCO_train2014_000000543332.jpg
150458,155806,https://cs.stanford.edu/people/rak248/VG_100K/150458.jpg,http://images.cocodataset.org/train2014/COCO_train2014_000000155806.jpg
150463,407820,https://cs.stanford.edu/people/rak248/VG_100K/150463.jpg,http://images.cocodataset.org/train2014/COCO_train2014_000000407820.jpg
150474,497273,https://cs.stanford.edu/people/rak248/VG_100K/150474.jpg,http://images.cocodataset.org/train2014/COCO_train2014_000000497273.jpg
150496,34120,https://cs.stanford.edu/people/rak248/VG_100K/150496.jpg,http://images.cocodataset.org/train2014/COCO_train2014_000000034120.jpg
285610,58351,https://cs.stanford.edu/people/rak248/VG_100K/285610.jpg,http://images.cocodataset.org/train2014/COCO_train2014_000000058351.jpg
285670,530132,https://cs.stanford.edu/people/rak248/VG_100K/285670.jpg,http://images.cocodataset.org/train2014/COCO_train2014_000000530132.jpg
285684,247319,https://cs.stanford.edu/people/rak248/VG_100K/285684.jpg,http://images.cocodataset.org/train2014/COCO_train2014_000000247319.jpg
285686,349354,https://cs.stanford.edu/people/rak248/VG_100K/285686.jpg,http://images.cocodataset.org/train2014/COCO_train2014_000000349354.jpg
285715,245089,https://cs.stanford.edu/people/rak248/VG_100K/285715.jpg,http://images.cocodataset.org/train2014/COCO_train2014_000000245089.jpg
285751,187878,https://cs.stanford.edu/people/rak248/VG_100K/285751.jpg,http://images.cocodataset.org/train2014/COCO_train2014_000000187878.jpg
285766,81555,https://cs.stanford.edu/people/rak248/VG_100K/285766.jpg,http://images.cocodataset.org/train2014/COCO_train2014_000000081555.jpg
285807,70159,https://cs.stanford.edu/people/rak248/VG_100K/285807.jpg,http://images.cocodataset.org/train2014/COCO_train2014_000000070159.jpg
285851,517226,https://cs.stanford.edu/people/rak248/VG_100K/285851.jpg,http://images.cocodataset.org/train2014/COCO_train2014_000000517226.jpg
285859,139240,https://cs.stanford.edu/people/rak248/VG_100K/285859.jpg,http://images.cocodataset.org/train2014/COCO_train2014_000000139240.jpg
285896,246852,https://cs.stanford.edu/people/rak248/VG_100K/285896.jpg,http://images.cocodataset.org/train2014/COCO_train2014_000000246852.jpg
285905,430428,https://cs.stanford.edu/people/rak248/VG_100K/285905.jpg,http://images.cocodataset.org/train2014/COCO_train2014_000000430428.jpg
285932,425418,https://cs.stanford.edu/people/rak248/VG_100K/285932.jpg,http://images.cocodataset.org/train2014/COCO_train2014_000000425418.jpg
285933,18495,https://cs.stanford.edu/people/rak248/VG_100K/285933.jpg,http://images.cocodataset.org/train2014/COCO_train2014_000000018495.jpg
285946,69486,https://cs.stanford.edu/people/rak248/VG_100K/285946.jpg,http://images.cocodataset.org/train2014/COCO_train2014_000000069486.jpg
285948,380279,https://cs.stanford.edu/people/rak248/VG_100K/285948.jpg,http://images.cocodataset.org/train2014/COCO_train2014_000000380279.jpg
285949,108701,https://cs.stanford.edu/people/rak248/VG_100K/285949.jpg,http://images.cocodataset.org/train2014/COCO_train2014_000000108701.jpg
285959,372308,https://cs.stanford.edu/people/rak248/VG_100K/285959.jpg,http://images.cocodataset.org/train2014/COCO_train2014_000000372308.jpg
285992,1424,https://cs.stanford.edu/people/rak248/VG_100K/285992.jpg,http://images.cocodataset.org/train2014/COCO_train2014_000000001424.jpg
285993,440291,https://cs.stanford.edu/people/rak248/VG_100K/285993.jpg,http://images.cocodataset.org/train2014/COCO_train2014_000000440291.jpg
285994,406199,https://cs.stanford.edu/people/rak248/VG_100K/285994.jpg,http://images.cocodataset.org/train2014/COCO_train2014_000000406199.jpg
286001,260748,https://cs.stanford.edu/people/rak248/VG_100K/286001.jpg,http://images.cocodataset.org/train2014/COCO_train2014_000000260748.jpg
286034,37286,https://cs.stanford.edu/people/rak248/VG_100K/286034.jpg,http://images.cocodataset.org/train2014/COCO_train2014_000000037286.jpg
286058,473131,https://cs.stanford.edu/people/rak248/VG_100K/286058.jpg,http://images.cocodataset.org/train2014/COCO_train2014_000000473131.jpg
286066,6327,https://cs.stanford.edu/people/rak248/VG_100K/286066.jpg,http://images.cocodataset.org/train2014/COCO_train2014_000000006327.jpg
497926,89407,https://cs.stanford.edu/people/rak248/VG_100K/497926.jpg,http://images.cocodataset.org/train2014/COCO_train2014_000000089407.jpg
497950,179153,https://cs.stanford.edu/people/rak248/VG_100K/497950.jpg,http://images.cocodataset.org/train2014/COCO_train2014_000000179153.jpg
497974,262937,https://cs.stanford.edu/people/rak248/VG_100K/497974.jpg,http://images.cocodataset.org/train2014/COCO_train2014_000000262937.jpg
498024,316777,https://cs.stanford.edu/people/rak248/VG_100K/498024.jpg,http://images.cocodataset.org/train2014/COCO_train2014_000000316777.jpg
498025,223216,https://cs.stanford.edu/people/rak248/VG_100K/498025.jpg,http://images.cocodataset.org/train2014/COCO_train2014_000000223216.jpg
498032,298242,https://cs.stanford.edu/people/rak248/VG_100K/498032.jpg,http://images.cocodataset.org/train2014/COCO_train2014_000000298242.jpg
498039,487288,https://cs.stanford.edu/people/rak248/VG_100K/498039.jpg,http://images.cocodataset.org/train2014/COCO_train2014_000000487288.jpg
498058,227205,https://cs.stanford.edu/people/rak248/VG_100K/498058.jpg,http://images.cocodataset.org/train2014/COCO_train2014_000000227205.jpg
498079,463175,https://cs.stanford.edu/people/rak248/VG_100K/498079.jpg,http://images.cocodataset.org/train2014/COCO_train2014_000000463175.jpg
498092,506037,https://cs.stanford.edu/people/rak248/VG_100K/498092.jpg,http://images.cocodataset.org/train2014/COCO_train2014_000000506037.jpg
498108,513758,https://cs.stanford.edu/people/rak248/VG_100K/498108.jpg,http://images.cocodataset.org/train2014/COCO_train2014_000000513758.jpg
498111,44911,https://cs.stanford.edu/people/rak248/VG_100K/498111.jpg,http://images.cocodataset.org/train2014/COCO_train2014_000000044911.jpg
498149,415602,https://cs.stanford.edu/people/rak248/VG_100K/498149.jpg,http://images.cocodataset.org/train2014/COCO_train2014_000000415602.jpg
498151,579907,https://cs.stanford.edu/people/rak248/VG_100K/498151.jpg,http://images.cocodataset.org/train2014/COCO_train2014_000000579907.jpg
498153,195352,https://cs.stanford.edu/people/rak248/VG_100K/498153.jpg,http://images.cocodataset.org/train2014/COCO_train2014_000000195352.jpg
498155,148373,https://cs.stanford.edu/people/rak248/VG_100K/498155.jpg,http://images.cocodataset.org/train2014/COCO_train2014_000000148373.jpg
498170,580051,https://cs.stanford.edu/people/rak248/VG_100K/498170.jpg,http://images.cocodataset.org/train2014/COCO_train2014_000000580051.jpg
498175,238928,https://cs.stanford.edu/people/rak248/VG_100K/498175.jpg,http://images.cocodataset.org/train2014/COCO_train2014_000000238928.jpg
498221,297387,https://cs.stanford.edu/people/rak248/VG_100K/498221.jpg,http://images.cocodataset.org/train2014/COCO_train2014_000000297387.jpg
498226,488990,https://cs.stanford.edu/people/rak248/VG_100K/498226.jpg,http://images.cocodataset.org/train2014/COCO_train2014_000000488990.jpg
498253,396611,https://cs.stanford.edu/people/rak248/VG_100K/498253.jpg,http://images.cocodataset.org/train2014/COCO_train2014_000000396611.jpg
498258,429672,https://cs.stanford.edu/people/rak248/VG_100K/498258.jpg,http://images.cocodataset.org/train2014/COCO_train2014_000000429672.jpg
498261,55618,https://cs.stanford.edu/people/rak248/VG_100K/498261.jpg,http://images.cocodataset.org/train2014/COCO_train2014_000000055618.jpg
498272,297645,https://cs.stanford.edu/people/rak248/VG_100K/498272.jpg,http://images.cocodataset.org/train2014/COCO_train2014_000000297645.jpg
498280,302141,https://cs.stanford.edu/people/rak248/VG_100K/498280.jpg,http://images.cocodataset.org/train2014/COCO_train2014_000000302141.jpg
498281,234217,https://cs.stanford.edu/people/rak248/VG_100K/498281.jpg,http://images.cocodataset.org/train2014/COCO_train2014_000000234217.jpg
498286,572171,https://cs.stanford.edu/people/rak248/VG_100K/498286.jpg,http://images.cocodataset.org/train2014/COCO_train2014_000000572171.jpg
498304,364939,https://cs.stanford.edu/people/rak248/VG_100K/498304.jpg,http://images.cocodataset.org/train2014/COCO_train2014_000000364939.jpg
498326,545675,https://cs.stanford.edu/people/rak248/VG_100K/498326.jpg,http://images.cocodataset.org/train2014/COCO_train2014_000000545675.jpg
498339,561643,https://cs.stanford.edu/people/rak248/VG_100K/498339.jpg,http://images.cocodataset.org/train2014/COCO_train2014_000000561643.jpg
498372,1355,https://cs.stanford.edu/people/rak248/VG_100K/498372.jpg,http://images.cocodataset.org/train2014/COCO_train2014_000000001355.jpg
498388,389021,https://cs.stanford.edu/people/rak248/VG_100K/498388.jpg,http://images.cocodataset.org/train2014/COCO_train2014_000000389021.jpg
498396,45337,https://cs.stanford.edu/people/rak248/VG_100K/498396.jpg,http://images.cocodataset.org/train2014/COCO_train2014_000000045337.jpg
498398,168349,https://cs.stanford.edu/people/rak248/VG_100K/498398.jpg,http://images.cocodataset.org/train2014/COCO_train2014_000000168349.jpg
498405,449847,https://cs.stanford.edu/people/rak248/VG_100K/498405.jpg,http://images.cocodataset.org/train2014/COCO_train2014_000000449847.jpg
712977,543194,https://cs.stanford.edu/people/rak248/VG_100K/712977.jpg,http://images.cocodataset.org/train2014/COCO_train2014_000000543194.jpg
713003,548136,https://cs.stanford.edu/people/rak248/VG_100K/713003.jpg,http://images.cocodataset.org/train2014/COCO_train2014_000000548136.jpg
713017,432637,https://cs.stanford.edu/people/rak248/VG_100K/713017.jpg,http://images.cocodataset.org/train2014/COCO_train2014_000000432637.jpg
713024,171155,https://cs.stanford.edu/people/rak248/VG_100K/713024.jpg,http://images.cocodataset.org/train2014/COCO_train2014_000000171155.jpg
713028,253229,https://cs.stanford.edu/people/rak248/VG_100K/713028.jpg,http://images.cocodataset.org/train2014/COCO_train2014_000000253229.jpg
713075,161051,https://cs.stanford.edu/people/rak248/VG_100K/713075.jpg,http://images.cocodataset.org/train2014/COCO_train2014_000000161051.jpg
713089,296882,https://cs.stanford.edu/people/rak248/VG_100K/713089.jpg,http://images.cocodataset.org/train2014/COCO_train2014_000000296882.jpg
713112,512787,https://cs.stanford.edu/people/rak248/VG_100K/713112.jpg,http://images.cocodataset.org/train2014/COCO_train2014_000000512787.jpg
713135,529667,https://cs.stanford.edu/people/rak248/VG_100K/713135.jpg,http://images.cocodataset.org/train2014/COCO_train2014_000000529667.jpg
713142,543833,https://cs.stanford.edu/people/rak248/VG_100K/713142.jpg,http://images.cocodataset.org/train2014/COCO_train2014_000000543833.jpg
713146,399540,https://cs.stanford.edu/people/rak248/VG_100K/713146.jpg,http://images.cocodataset.org/train2014/COCO_train2014_000000399540.jpg
713174,331298,https://cs.stanford.edu/people/rak248/VG_100K/713174.jpg,http://images.cocodataset.org/train2014/COCO_train2014_000000331298.jpg
713211,291484,https://cs.stanford.edu/people/rak248/VG_100K/713211.jpg,http://images.cocodataset.org/train2014/COCO_train2014_000000291484.jpg
713228,556544,https://cs.stanford.edu/people/rak248/VG_100K/713228.jpg,http://images.cocodataset.org/train2014/COCO_train2014_000000556544.jpg
713274,207048,https://cs.stanford.edu/people/rak248/VG_100K/713274.jpg,http://images.cocodataset.org/train2014/COCO_train2014_000000207048.jpg
713285,92344,https://cs.stanford.edu/people/rak248/VG_100K/713285.jpg,http://images.cocodataset.org/train2014/COCO_train2014_000000092344.jpg
713328,243947,https://cs.stanford.edu/people/rak248/VG_100K/713328.jpg,http://images.cocodataset.org/train2014/COCO_train2014_000000243947.jpg
713330,383250,https://cs.stanford.edu/people/rak248/VG_100K/713330.jpg,http://images.cocodataset.org/train2014/COCO_train2014_000000383250.jpg
713371,300284,https://cs.stanford.edu/people/rak248/VG_100K/713371.jpg,http://images.cocodataset.org/train2014/COCO_train2014_000000300284.jpg
713380,190994,https://cs.stanford.edu/people/rak248/VG_100K/713380.jpg,http://images.cocodataset.org/train2014/COCO_train2014_000000190994.jpg
713381,220077,https://cs.stanford.edu/people/rak248/VG_100K/713381.jpg,http://images.cocodataset.org/train2014/COCO_train2014_000000220077.jpg
713392,58684,https://cs.stanford.edu/people/rak248/VG_100K/713392.jpg,http://images.cocodataset.org/train2014/COCO_train2014_000000058684.jpg
713403,34491,https://cs.stanford.edu/people/rak248/VG_100K/713403.jpg,http://images.cocodataset.org/train2014/COCO_train2014_000000034491.jpg
713418,545082,https://cs.stanford.edu/people/rak248/VG_100K/713418.jpg,http://images.cocodataset.org/train2014/COCO_train2014_000000545082.jpg
713450,200464,https://cs.stanford.edu/people/rak248/VG_100K/713450.jpg,http://images.cocodataset.org/train2014/COCO_train2014_000000200464.jpg
713512,83770,https://cs.stanford.edu/people/rak248/VG_100K/713512.jpg,http://images.cocodataset.org/train2014/COCO_train2014_000000083770.jpg
713513,522897,https://cs.stanford.edu/people/rak248/VG_100K/713513.jpg,http://images.cocodataset.org/train2014/COCO_train2014_000000522897.jpg
713519,562835,https://cs.stanford.edu/people/rak248/VG_100K/713519.jpg,http://images.cocodataset.org/train2014/COCO_train2014_000000562835.jpg
713585,427555,https://cs.stanford.edu/people/rak248/VG_100K/713585.jpg,http://images.cocodataset.org/train2014/COCO_train2014_000000427555.jpg
713593,202767,https://cs.stanford.edu/people/rak248/VG_100K/713593.jpg,http://images.cocodataset.org/train2014/COCO_train2014_000000202767.jpg
713620,522938,https://cs.stanford.edu/people/rak248/VG_100K/713620.jpg,http://images.cocodataset.org/train2014/COCO_train2014_000000522938.jpg
713633,211644,https://cs.stanford.edu/people/rak248/VG_100K/713633.jpg,http://images.cocodataset.org/train2014/COCO_train2014_000000211644.jpg
713640,289329,https://cs.stanford.edu/people/rak248/VG_100K/713640.jpg,http://images.cocodataset.org/train2014/COCO_train2014_000000289329.jpg
713652,296374,https://cs.stanford.edu/people/rak248/VG_100K/713652.jpg,http://images.cocodataset.org/train2014/COCO_train2014_000000296374.jpg
713653,260604,https://cs.stanford.edu/people/rak248/VG_100K/713653.jpg,http://images.cocodataset.org/train2014/COCO_train2014_000000260604.jpg
713666,473665,https://cs.stanford.edu/people/rak248/VG_100K/713666.jpg,http://images.cocodataset.org/train2014/COCO_train2014_000000473665.jpg
713679,251723,https://cs.stanford.edu/people/rak248/VG_100K/713679.jpg,http://images.cocodataset.org/train2014/COCO_train2014_000000251723.jpg
713681,530433,https://cs.stanford.edu/people/rak248/VG_100K/713681.jpg,http://images.cocodataset.org/train2014/COCO_train2014_000000530433.jpg
713684,310851,https://cs.stanford.edu/people/rak248/VG_100K/713684.jpg,http://images.cocodataset.org/train2014/COCO_train2014_000000310851.jpg
713689,352398,https://cs.stanford.edu/people/rak248/VG_100K/713689.jpg,http://images.cocodataset.org/train2014/COCO_train2014_000000352398.jpg
713707,201607,https://cs.stanford.edu/people/rak248/VG_100K/713707.jpg,http://images.cocodataset.org/train2014/COCO_train2014_000000201607.jpg
713718,140247,https://cs.stanford.edu/people/rak248/VG_100K/713718.jpg,http://images.cocodataset.org/train2014/COCO_train2014_000000140247.jpg
713730,532132,https://cs.stanford.edu/people/rak248/VG_100K/713730.jpg,http://images.cocodataset.org/train2014/COCO_train2014_000000532132.jpg
713742,241076,https://cs.stanford.edu/people/rak248/VG_100K/713742.jpg,http://images.cocodataset.org/train2014/COCO_train2014_000000241076.jpg
713749,462477,https://cs.stanford.edu/people/rak248/VG_100K/713749.jpg,http://images.cocodataset.org/train2014/COCO_train2014_000000462477.jpg
713760,48759,https://cs.stanford.edu/people/rak248/VG_100K/713760.jpg,http://images.cocodataset.org/train2014/COCO_train2014_000000048759.jpg
713765,542582,https://cs.stanford.edu/people/rak248/VG_100K/713765.jpg,http://images.cocodataset.org/train2014/COCO_train2014_000000542582.jpg
713769,565116,https://cs.stanford.edu/people/rak248/VG_100K/713769.jpg,http://images.cocodataset.org/train2014/COCO_train2014_000000565116.jpg
713770,59024,https://cs.stanford.edu/people/rak248/VG_100K/713770.jpg,http://images.cocodataset.org/train2014/COCO_train2014_000000059024.jpg
713779,90801,https://cs.stanford.edu/people/rak248/VG_100K/713779.jpg,http://images.cocodataset.org/train2014/COCO_train2014_000000090801.jpg
713780,294186,https://cs.stanford.edu/people/rak248/VG_100K/713780.jpg,http://images.cocodataset.org/train2014/COCO_train2014_000000294186.jpg
713786,182967,https://cs.stanford.edu/people/rak248/VG_100K/713786.jpg,http://images.cocodataset.org/train2014/COCO_train2014_000000182967.jpg
713788,573401,https://cs.stanford.edu/people/rak248/VG_100K/713788.jpg,http://images.cocodataset.org/train2014/COCO_train2014_000000573401.jpg
713790,341062,https://cs.stanford.edu/people/rak248/VG_100K/713790.jpg,http://images.cocodataset.org/train2014/COCO_train2014_000000341062.jpg
713796,536514,https://cs.stanford.edu/people/rak248/VG_100K/713796.jpg,http://images.cocodataset.org/train2014/COCO_train2014_000000536514.jpg
713807,454477,https://cs.stanford.edu/people/rak248/VG_100K/713807.jpg,http://images.cocodataset.org/train2014/COCO_train2014_000000454477.jpg
713829,94223,https://cs.stanford.edu/people/rak248/VG_100K/713829.jpg,http://images.cocodataset.org/train2014/COCO_train2014_000000094223.jpg
713858,385517,https://cs.stanford.edu/people/rak248/VG_100K/713858.jpg,http://images.cocodataset.org/train2014/COCO_train2014_000000385517.jpg
713888,115359,https://cs.stanford.edu/people/rak248/VG_100K/713888.jpg,http://images.cocodataset.org/train2014/COCO_train2014_000000115359.jpg
713920,210729,https://cs.stanford.edu/people/rak248/VG_100K/713920.jpg,http://images.cocodataset.org/train2014/COCO_train2014_000000210729.jpg
713936,359656,https://cs.stanford.edu/people/rak248/VG_100K/713936.jpg,http://images.cocodataset.org/train2014/COCO_train2014_000000359656.jpg
1159293,148208,https://cs.stanford.edu/people/rak248/VG_100K/1159293.jpg,http://images.cocodataset.org/train2014/COCO_train2014_000000148208.jpg
1159318,181223,https://cs.stanford.edu/people/rak248/VG_100K/1159318.jpg,http://images.cocodataset.org/train2014/COCO_train2014_000000181223.jpg
1159325,51152,https://cs.stanford.edu/people/rak248/VG_100K/1159325.jpg,http://images.cocodataset.org/train2014/COCO_train2014_000000051152.jpg
1159329,163047,https://cs.stanford.edu/people/rak248/VG_100K/1159329.jpg,http://images.cocodataset.org/train2014/COCO_train2014_000000163047.jpg
1159335,99184,https://cs.stanford.edu/people/rak248/VG_100K/1159335.jpg,http://images.cocodataset.org/train2014/COCO_train2014_000000099184.jpg
1159353,174896,https://cs.stanford.edu/people/rak248/VG_100K/1159353.jpg,http://images.cocodataset.org/train2014/COCO_train2014_000000174896.jpg
1159365,45026,https://cs.stanford.edu/people/rak248/VG_100K/1159365.jpg,http://images.cocodataset.org/train2014/COCO_train2014_000000045026.jpg
1159379,104817,https://cs.stanford.edu/people/rak248/VG_100K/1159379.jpg,http://images.cocodataset.org/train2014/COCO_train2014_000000104817.jpg
1159392,215569,https://cs.stanford.edu/people/rak248/VG_100K/1159392.jpg,http://images.cocodataset.org/train2014/COCO_train2014_000000215569.jpg
1159397,264256,https://cs.stanford.edu/people/rak248/VG_100K/1159397.jpg,http://images.cocodataset.org/train2014/COCO_train2014_000000264256.jpg
1159408,318929,https://cs.stanford.edu/people/rak248/VG_100K/1159408.jpg,http://images.cocodataset.org/train2014/COCO_train2014_000000318929.jpg
1159425,179408,https://cs.stanford.edu/people/rak248/VG_100K/1159425.jpg,http://images.cocodataset.org/train2014/COCO_train2014_000000179408.jpg
1159427,352019,https://cs.stanford.edu/people/rak248/VG_100K/1159427.jpg,http://images.cocodataset.org/train2014/COCO_train2014_000000352019.jpg
1159434,401455,https://cs.stanford.edu/people/rak248/VG_100K/1159434.jpg,http://images.cocodataset.org/train2014/COCO_train2014_000000401455.jpg
1159440,65668,https://cs.stanford.edu/people/rak248/VG_100K/1159440.jpg,http://images.cocodataset.org/train2014/COCO_train2014_000000065668.jpg
1159446,401229,https://cs.stanford.edu/people/rak248/VG_100K/1159446.jpg,http://images.cocodataset.org/train2014/COCO_train2014_000000401229.jpg
1159447,221223,https://cs.stanford.edu/people/rak248/VG_100K/1159447.jpg,http://images.cocodataset.org/train2014/COCO_train2014_000000221223.jpg
1159463,464537,https://cs.stanford.edu/people/rak248/VG_100K/1159463.jpg,http://images.cocodataset.org/train2014/COCO_train2014_000000464537.jpg
1159470,565211,https://cs.stanford.edu/people/rak248/VG_100K/1159470.jpg,http://images.cocodataset.org/train2014/COCO_train2014_000000565211.jpg
1159482,74964,https://cs.stanford.edu/people/rak248/VG_100K/1159482.jpg,http://images.cocodataset.org/train2014/COCO_train2014_000000074964.jpg
1159486,126001,https://cs.stanford.edu/people/rak248/VG_100K/1159486.jpg,http://images.cocodataset.org/train2014/COCO_train2014_000000126001.jpg
1159497,471409,https://cs.stanford.edu/people/rak248/VG_100K/1159497.jpg,http://images.cocodataset.org/train2014/COCO_train2014_000000471409.jpg
1159508,259666,https://cs.stanford.edu/people/rak248/VG_100K/1159508.jpg,http://images.cocodataset.org/train2014/COCO_train2014_000000259666.jpg
1159515,423562,https://cs.stanford.edu/people/rak248/VG_100K/1159515.jpg,http://images.cocodataset.org/train2014/COCO_train2014_000000423562.jpg
1159541,182758,https://cs.stanford.edu/people/rak248/VG_100K/1159541.jpg,http://images.cocodataset.org/train2014/COCO_train2014_000000182758.jpg
1159572,385805,https://cs.stanford.edu/people/rak248/VG_100K/1159572.jpg,http://images.cocodataset.org/train2014/COCO_train2014_000000385805.jpg
1159575,443579,https://cs.stanford.edu/people/rak248/VG_100K/1159575.jpg,http://images.cocodataset.org/train2014/COCO_train2014_000000443579.jpg
1159592,212679,https://cs.stanford.edu/people/rak248/VG_100K/1159592.jpg,http://images.cocodataset.org/train2014/COCO_train2014_000000212679.jpg
1159606,115005,https://cs.stanford.edu/people/rak248/VG_100K/1159606.jpg,http://images.cocodataset.org/train2014/COCO_train2014_000000115005.jpg
1159609,275672,https://cs.stanford.edu/people/rak248/VG_100K/1159609.jpg,http://images.cocodataset.org/train2014/COCO_train2014_000000275672.jpg
1159621,159601,https://cs.stanford.edu/people/rak248/VG_100K/1159621.jpg,http://images.cocodataset.org/train2014/COCO_train2014_000000159601.jpg
1159648,300198,https://cs.stanford.edu/people/rak248/VG_100K/1159648.jpg,http://images.cocodataset.org/train2014/COCO_train2014_000000300198.jpg
1159675,575949,https://cs.stanford.edu/people/rak248/VG_100K/1159675.jpg,http://images.cocodataset.org/train2014/COCO_train2014_000000575949.jpg
1159724,469768,https://cs.stanford.edu/people/rak248/VG_100K/1159724.jpg,http://images.cocodataset.org/train2014/COCO_train2014_000000469768.jpg
1159749,413164,https://cs.stanford.edu/people/rak248/VG_100K/1159749.jpg,http://images.cocodataset.org/train2014/COCO_train2014_000000413164.jpg
1159762,5018,https://cs.stanford.edu/people/rak248/VG_100K/1159762.jpg,http://images.cocodataset.org/train2014/COCO_train2014_000000005018.jpg
1159768,377059,https://cs.stanford.edu/people/rak248/VG_100K/1159768.jpg,http://images.cocodataset.org/train2014/COCO_train2014_000000377059.jpg
1159775,509864,https://cs.stanford.edu/people/rak248/VG_100K/1159775.jpg,http://images.cocodataset.org/train2014/COCO_train2014_000000509864.jpg
1159777,46408,https://cs.stanford.edu/people/rak248/VG_100K/1159777.jpg,http://images.cocodataset.org/train2014/COCO_train2014_000000046408.jpg
1159784,393508,https://cs.stanford.edu/people/rak248/VG_100K/1159784.jpg,http://images.cocodataset.org/train2014/COCO_train2014_000000393508.jpg
1159813,288164,https://cs.stanford.edu/people/rak248/VG_100K/1159813.jpg,http://images.cocodataset.org/train2014/COCO_train2014_000000288164.jpg
1159819,301554,https://cs.stanford.edu/people/rak248/VG_100K/1159819.jpg,http://images.cocodataset.org/train2014/COCO_train2014_000000301554.jpg
1159829,216742,https://cs.stanford.edu/people/rak248/VG_100K/1159829.jpg,http://images.cocodataset.org/train2014/COCO_train2014_000000216742.jpg
1159847,256607,https://cs.stanford.edu/people/rak248/VG_100K/1159847.jpg,http://images.cocodataset.org/train2014/COCO_train2014_000000256607.jpg
1159855,317331,https://cs.stanford.edu/people/rak248/VG_100K/1159855.jpg,http://images.cocodataset.org/train2014/COCO_train2014_000000317331.jpg
1159860,256539,https://cs.stanford.edu/people/rak248/VG_100K/1159860.jpg,http://images.cocodataset.org/train2014/COCO_train2014_000000256539.jpg
1159870,305224,https://cs.stanford.edu/people/rak248/VG_100K/1159870.jpg,http://images.cocodataset.org/train2014/COCO_train2014_000000305224.jpg
1159874,399227,https://cs.stanford.edu/people/rak248/VG_100K/1159874.jpg,http://images.cocodataset.org/train2014/COCO_train2014_000000399227.jpg
1159882,427384,https://cs.stanford.edu/people/rak248/VG_100K/1159882.jpg,http://images.cocodataset.org/train2014/COCO_train2014_000000427384.jpg
1159889,345142,https://cs.stanford.edu/people/rak248/VG_100K/1159889.jpg,http://images.cocodataset.org/train2014/COCO_train2014_000000345142.jpg
1159897,302424,https://cs.stanford.edu/people/rak248/VG_100K/1159897.jpg,http://images.cocodataset.org/train2014/COCO_train2014_000000302424.jpg
1159904,74576,https://cs.stanford.edu/people/rak248/VG_100K/1159904.jpg,http://images.cocodataset.org/train2014/COCO_train2014_000000074576.jpg
1159956,121651,https://cs.stanford.edu/people/rak248/VG_100K/1159956.jpg,http://images.cocodataset.org/train2014/COCO_train2014_000000121651.jpg
1159967,347263,https://cs.stanford.edu/people/rak248/VG_100K/1159967.jpg,http://images.cocodataset.org/train2014/COCO_train2014_000000347263.jpg
1159973,332875,https://cs.stanford.edu/people/rak248/VG_100K/1159973.jpg,http://images.cocodataset.org/train2014/COCO_train2014_000000332875.jpg
1159991,346472,https://cs.stanford.edu/people/rak248/VG_100K/1159991.jpg,http://images.cocodataset.org/train2014/COCO_train2014_000000346472.jpg
1160019,303923,https://cs.stanford.edu/people/rak248/VG_100K/1160019.jpg,http://images.cocodataset.org/train2014/COCO_train2014_000000303923.jpg
1160049,5688,https://cs.stanford.edu/people/rak248/VG_100K/1160049.jpg,http://images.cocodataset.org/train2014/COCO_train2014_000000005688.jpg
1160062,504306,https://cs.stanford.edu/people/rak248/VG_100K/1160062.jpg,http://images.cocodataset.org/train2014/COCO_train2014_000000504306.jpg
1160093,62995,https://cs.stanford.edu/people/rak248/VG_100K/1160093.jpg,http://images.cocodataset.org/train2014/COCO_train2014_000000062995.jpg
1160127,322771,https://cs.stanford.edu/people/rak248/VG_100K/1160127.jpg,http://images.cocodataset.org/train2014/COCO_train2014_000000322771.jpg
1160140,327625,https://cs.stanford.edu/people/rak248/VG_100K/1160140.jpg,http://images.cocodataset.org/train2014/COCO_train2014_000000327625.jpg
1160152,327032,https://cs.stanford.edu/people/rak248/VG_100K/1160152.jpg,http://images.cocodataset.org/train2014/COCO_train2014_000000327032.jpg
1160155,111492,https://cs.stanford.edu/people/rak248/VG_100K/1160155.jpg,http://images.cocodataset.org/train2014/COCO_train2014_000000111492.jpg
1160158,230727,https://cs.stanford.edu/people/rak248/VG_100K/1160158.jpg,http://images.cocodataset.org/train2014/COCO_train2014_000000230727.jpg
1160167,78286,https://cs.stanford.edu/people/rak248/VG_100K/1160167.jpg,http://images.cocodataset.org/train2014/COCO_train2014_000000078286.jpg
1160168,99094,https://cs.stanford.edu/people/rak248/VG_100K/1160168.jpg,http://images.cocodataset.org/train2014/COCO_train2014_000000099094.jpg
1160171,238828,https://cs.stanford.edu/people/rak248/VG_100K/1160171.jpg,http://images.cocodataset.org/train2014/COCO_train2014_000000238828.jpg
1160180,83029,https://cs.stanford.edu/people/rak248/VG_100K/1160180.jpg,http://images.cocodataset.org/train2014/COCO_train2014_000000083029.jpg
1160189,155993,https://cs.stanford.edu/people/rak248/VG_100K/1160189.jpg,http://images.cocodataset.org/train2014/COCO_train2014_000000155993.jpg
1160204,186099,https://cs.stanford.edu/people/rak248/VG_100K/1160204.jpg,http://images.cocodataset.org/train2014/COCO_train2014_000000186099.jpg
1160227,256384,https://cs.stanford.edu/people/rak248/VG_100K/1160227.jpg,http://images.cocodataset.org/train2014/COCO_train2014_000000256384.jpg
1160247,42481,https://cs.stanford.edu/people/rak248/VG_100K/1160247.jpg,http://images.cocodataset.org/train2014/COCO_train2014_000000042481.jpg
1591781,494771,https://cs.stanford.edu/people/rak248/VG_100K/1591781.jpg,http://images.cocodataset.org/train2014/COCO_train2014_000000494771.jpg
1591805,542231,https://cs.stanford.edu/people/rak248/VG_100K/1591805.jpg,http://images.cocodataset.org/train2014/COCO_train2014_000000542231.jpg
1591838,345861,https://cs.stanford.edu/people/rak248/VG_100K/1591838.jpg,http://images.cocodataset.org/train2014/COCO_train2014_000000345861.jpg
1591858,145978,https://cs.stanford.edu/people/rak248/VG_100K/1591858.jpg,http://images.cocodataset.org/train2014/COCO_train2014_000000145978.jpg
1591859,515878,https://cs.stanford.edu/people/rak248/VG_100K/1591859.jpg,http://images.cocodataset.org/train2014/COCO_train2014_000000515878.jpg
1591876,92323,https://cs.stanford.edu/people/rak248/VG_100K/1591876.jpg,http://images.cocodataset.org/train2014/COCO_train2014_000000092323.jpg
1591909,142263,https://cs.stanford.edu/people/rak248/VG_100K/1591909.jpg,http://images.cocodataset.org/train2014/COCO_train2014_000000142263.jpg
1591920,395259,https://cs.stanford.edu/people/rak248/VG_100K/1591920.jpg,http://images.cocodataset.org/train2014/COCO_train2014_000000395259.jpg
1591932,345786,https://cs.stanford.edu/people/rak248/VG_100K/1591932.jpg,http://images.cocodataset.org/train2014/COCO_train2014_000000345786.jpg
1591954,497227,https://cs.stanford.edu/people/rak248/VG_100K/1591954.jpg,http://images.cocodataset.org/train2014/COCO_train2014_000000497227.jpg
1591961,33841,https://cs.stanford.edu/people/rak248/VG_100K/1591961.jpg,http://images.cocodataset.org/train2014/COCO_train2014_000000033841.jpg
1591975,295282,https://cs.stanford.edu/people/rak248/VG_100K/1591975.jpg,http://images.cocodataset.org/train2014/COCO_train2014_000000295282.jpg
1591977,577717,https://cs.stanford.edu/people/rak248/VG_100K/1591977.jpg,http://images.cocodataset.org/train2014/COCO_train2014_000000577717.jpg
1591994,559974,https://cs.stanford.edu/people/rak248/VG_100K/1591994.jpg,http://images.cocodataset.org/train2014/COCO_train2014_000000559974.jpg
1592017,312344,https://cs.stanford.edu/people/rak248/VG_100K/1592017.jpg,http://images.cocodataset.org/train2014/COCO_train2014_000000312344.jpg
1592025,187582,https://cs.stanford.edu/people/rak248/VG_100K/1592025.jpg,http://images.cocodataset.org/train2014/COCO_train2014_000000187582.jpg
1592027,283679,https://cs.stanford.edu/people/rak248/VG_100K/1592027.jpg,http://images.cocodataset.org/train2014/COCO_train2014_000000283679.jpg
1592033,210672,https://cs.stanford.edu/people/rak248/VG_100K/1592033.jpg,http://images.cocodataset.org/train2014/COCO_train2014_000000210672.jpg
1592038,408431,https://cs.stanford.edu/people/rak248/VG_100K/1592038.jpg,http://images.cocodataset.org/train2014/COCO_train2014_000000408431.jpg
1592044,332578,https://cs.stanford.edu/people/rak248/VG_100K/1592044.jpg,http://images.cocodataset.org/train2014/COCO_train2014_000000332578.jpg
1592047,307567,https://cs.stanford.edu/people/rak248/VG_100K/1592047.jpg,http://images.cocodataset.org/train2014/COCO_train2014_000000307567.jpg
1592079,80441,https://cs.stanford.edu/people/rak248/VG_100K/1592079.jpg,http://images.cocodataset.org/train2014/COCO_train2014_000000080441.jpg
1592083,2742,https://cs.stanford.edu/people/rak248/VG_100K/1592083.jpg,http://images.cocodataset.org/train2014/COCO_train2014_000000002742.jpg
1592094,136185,https://cs.stanford.edu/people/rak248/VG_100K/1592094.jpg,http://images.cocodataset.org/train2014/COCO_train2014_000000136185.jpg
1592119,471188,https://cs.stanford.edu/people/rak248/VG_100K/1592119.jpg,http://images.cocodataset.org/train2014/COCO_train2014_000000471188.jpg
1592129,405849,https://cs.stanford.edu/people/rak248/VG_100K/1592129.jpg,http://images.cocodataset.org/train2014/COCO_train2014_000000405849.jpg
1592133,508663,https://cs.stanford.edu/people/rak248/VG_100K/1592133.jpg,http://images.cocodataset.org/train2014/COCO_train2014_000000508663.jpg
1592137,578890,https://cs.stanford.edu/people/rak248/VG_100K/1592137.jpg,http://images.cocodataset.org/train2014/COCO_train2014_000000578890.jpg
1592150,469728,https://cs.stanford.edu/people/rak248/VG_100K/1592150.jpg,http://images.cocodataset.org/train2014/COCO_train2014_000000469728.jpg
1592168,218106,https://cs.stanford.edu/people/rak248/VG_100K/1592168.jpg,http://images.cocodataset.org/train2014/COCO_train2014_000000218106.jpg
1592189,183972,https://cs.stanford.edu/people/rak248/VG_100K/1592189.jpg,http://images.cocodataset.org/train2014/COCO_train2014_000000183972.jpg
1592193,147873,https://cs.stanford.edu/people/rak248/VG_100K/1592193.jpg,http://images.cocodataset.org/train2014/COCO_train2014_000000147873.jpg
1592201,310070,https://cs.stanford.edu/people/rak248/VG_100K/1592201.jpg,http://images.cocodataset.org/train2014/COCO_train2014_000000310070.jpg
1592233,457035,https://cs.stanford.edu/people/rak248/VG_100K/1592233.jpg,http://images.cocodataset.org/train2014/COCO_train2014_000000457035.jpg
1592241,358580,https://cs.stanford.edu/people/rak248/VG_100K/1592241.jpg,http://images.cocodataset.org/train2014/COCO_train2014_000000358580.jpg
1592251,79645,https://cs.stanford.edu/people/rak248/VG_100K/1592251.jpg,http://images.cocodataset.org/train2014/COCO_train2014_000000079645.jpg
1592254,273537,https://cs.stanford.edu/people/rak248/VG_100K/1592254.jpg,http://images.cocodataset.org/train2014/COCO_train2014_000000273537.jpg
1592286,395863,https://cs.stanford.edu/people/rak248/VG_100K/1592286.jpg,http://images.cocodataset.org/train2014/COCO_train2014_000000395863.jpg
1592289,321711,https://cs.stanford.edu/people/rak248/VG_100K/1592289.jpg,http://images.cocodataset.org/train2014/COCO_train2014_000000321711.jpg
1592298,563475,https://cs.stanford.edu/people/rak248/VG_100K/1592298.jpg,http://images.cocodataset.org/train2014/COCO_train2014_000000563475.jpg
1592303,84214,https://cs.stanford.edu/people/rak248/VG_100K/1592303.jpg,http://images.cocodataset.org/train2014/COCO_train2014_000000084214.jpg
1592305,109386,https://cs.stanford.edu/people/rak248/VG_100K/1592305.jpg,http://images.cocodataset.org/train2014/COCO_train2014_000000109386.jpg
1592314,218057,https://cs.stanford.edu/people/rak248/VG_100K/1592314.jpg,http://images.cocodataset.org/train2014/COCO_train2014_000000218057.jpg
1592350,118199,https://cs.stanford.edu/people/rak248/VG_100K/1592350.jpg,http://images.cocodataset.org/train2014/COCO_train2014_000000118199.jpg
1592351,44372,https://cs.stanford.edu/people/rak248/VG_100K/1592351.jpg,http://images.cocodataset.org/train2014/COCO_train2014_000000044372.jpg
1592352,461521,https://cs.stanford.edu/people/rak248/VG_100K/1592352.jpg,http://images.cocodataset.org/train2014/COCO_train2014_000000461521.jpg
1592362,230851,https://cs.stanford.edu/people/rak248/VG_100K/1592362.jpg,http://images.cocodataset.org/train2014/COCO_train2014_000000230851.jpg
1592367,324611,https://cs.stanford.edu/people/rak248/VG_100K/1592367.jpg,http://images.cocodataset.org/train2014/COCO_train2014_000000324611.jpg
1592372,27616,https://cs.stanford.edu/people/rak248/VG_100K/1592372.jpg,http://images.cocodataset.org/train2014/COCO_train2014_000000027616.jpg
1592378,137220,https://cs.stanford.edu/people/rak248/VG_100K/1592378.jpg,http://images.cocodataset.org/train2014/COCO_train2014_000000137220.jpg
1592394,134770,https://cs.stanford.edu/people/rak248/VG_100K/1592394.jpg,http://images.cocodataset.org/train2014/COCO_train2014_000000134770.jpg
1592397,572179,https://cs.stanford.edu/people/rak248/VG_100K/1592397.jpg,http://images.cocodataset.org/train2014/COCO_train2014_000000572179.jpg
1592401,193488,https://cs.stanford.edu/people/rak248/VG_100K/1592401.jpg,http://images.cocodataset.org/train2014/COCO_train2014_000000193488.jpg
1592499,264396,https://cs.stanford.edu/people/rak248/VG_100K/1592499.jpg,http://images.cocodataset.org/train2014/COCO_train2014_000000264396.jpg
1592501,369443,https://cs.stanford.edu/people/rak248/VG_100K/1592501.jpg,http://images.cocodataset.org/train2014/COCO_train2014_000000369443.jpg
1592519,18627,https://cs.stanford.edu/people/rak248/VG_100K/1592519.jpg,http://images.cocodataset.org/train2014/COCO_train2014_000000018627.jpg
1592530,508954,https://cs.stanford.edu/people/rak248/VG_100K/1592530.jpg,http://images.cocodataset.org/train2014/COCO_train2014_000000508954.jpg
1592567,555118,https://cs.stanford.edu/people/rak248/VG_100K/1592567.jpg,http://images.cocodataset.org/train2014/COCO_train2014_000000555118.jpg
1592568,92136,https://cs.stanford.edu/people/rak248/VG_100K/1592568.jpg,http://images.cocodataset.org/train2014/COCO_train2014_000000092136.jpg
1592581,52153,https://cs.stanford.edu/people/rak248/VG_100K/1592581.jpg,http://images.cocodataset.org/train2014/COCO_train2014_000000052153.jpg
1592619,250417,https://cs.stanford.edu/people/rak248/VG_100K/1592619.jpg,http://images.cocodataset.org/train2014/COCO_train2014_000000250417.jpg
1592620,199841,https://cs.stanford.edu/people/rak248/VG_100K/1592620.jpg,http://images.cocodataset.org/train2014/COCO_train2014_000000199841.jpg
1592656,533889,https://cs.stanford.edu/people/rak248/VG_100K/1592656.jpg,http://images.cocodataset.org/train2014/COCO_train2014_000000533889.jpg
1592657,501758,https://cs.stanford.edu/people/rak248/VG_100K/1592657.jpg,http://images.cocodataset.org/train2014/COCO_train2014_000000501758.jpg
1592693,363885,https://cs.stanford.edu/people/rak248/VG_100K/1592693.jpg,http://images.cocodataset.org/train2014/COCO_train2014_000000363885.jpg
1592727,54692,https://cs.stanford.edu/people/rak248/VG_100K/1592727.jpg,http://images.cocodataset.org/train2014/COCO_train2014_000000054692.jpg
1592747,136289,https://cs.stanford.edu/people/rak248/VG_100K/1592747.jpg,http://images.cocodataset.org/train2014/COCO_train2014_000000136289.jpg
1592804,274585,https://cs.stanford.edu/people/rak248/VG_100K/1592804.jpg,http://images.cocodataset.org/train2014/COCO_train2014_000000274585.jpg
1592807,435327,https://cs.stanford.edu/people/rak248/VG_100K/1592807.jpg,http://images.cocodataset.org/train2014/COCO_train2014_000000435327.jpg
1592817,178192,https://cs.stanford.edu/people/rak248/VG_100K/1592817.jpg,http://images.cocodataset.org/train2014/COCO_train2014_000000178192.jpg
1592836,522819,https://cs.stanford.edu/people/rak248/VG_100K/1592836.jpg,http://images.cocodataset.org/train2014/COCO_train2014_000000522819.jpg
1592857,164423,https://cs.stanford.edu/people/rak248/VG_100K/1592857.jpg,http://images.cocodataset.org/train2014/COCO_train2014_000000164423.jpg
1592874,486123,https://cs.stanford.edu/people/rak248/VG_100K/1592874.jpg,http://images.cocodataset.org/train2014/COCO_train2014_000000486123.jpg
1592890,55942,https://cs.stanford.edu/people/rak248/VG_100K/1592890.jpg,http://images.cocodataset.org/train2014/COCO_train2014_000000055942.jpg
1592921,329055,https://cs.stanford.edu/people/rak248/VG_100K/1592921.jpg,http://images.cocodataset.org/train2014/COCO_train2014_000000329055.jpg
1592934,463567,https://cs.stanford.edu/people/rak248/VG_100K/1592934.jpg,http://images.cocodataset.org/train2014/COCO_train2014_000000463567.jpg
1592951,166067,https://cs.stanford.edu/people/rak248/VG_100K/1592951.jpg,http://images.cocodataset.org/train2014/COCO_train2014_000000166067.jpg
1592971,384099,https://cs.stanford.edu/people/rak248/VG_100K/1592971.jpg,http://images.cocodataset.org/train2014/COCO_train2014_000000384099.jpg
1593006,262603,https://cs.stanford.edu/people/rak248/VG_100K/1593006.jpg,http://images.cocodataset.org/train2014/COCO_train2014_000000262603.jpg
1593035,47909,https://cs.stanford.edu/people/rak248/VG_100K/1593035.jpg,http://images.cocodataset.org/train2014/COCO_train2014_000000047909.jpg
1593041,362371,https://cs.stanford.edu/people/rak248/VG_100K/1593041.jpg,http://images.cocodataset.org/train2014/COCO_train2014_000000362371.jpg
1593047,269462,https://cs.stanford.edu/people/rak248/VG_100K/1593047.jpg,http://images.cocodataset.org/train2014/COCO_train2014_000000269462.jpg
1593056,412566,https://cs.stanford.edu/people/rak248/VG_100K/1593056.jpg,http://images.cocodataset.org/train2014/COCO_train2014_000000412566.jpg
1593058,531844,https://cs.stanford.edu/people/rak248/VG_100K/1593058.jpg,http://images.cocodataset.org/train2014/COCO_train2014_000000531844.jpg
1593063,303236,https://cs.stanford.edu/people/rak248/VG_100K/1593063.jpg,http://images.cocodataset.org/train2014/COCO_train2014_000000303236.jpg
1593084,343282,https://cs.stanford.edu/people/rak248/VG_100K/1593084.jpg,http://images.cocodataset.org/train2014/COCO_train2014_000000343282.jpg
1593102,179201,https://cs.stanford.edu/people/rak248/VG_100K/1593102.jpg,http://images.cocodataset.org/train2014/COCO_train2014_000000179201.jpg
1593112,87980,https://cs.stanford.edu/people/rak248/VG_100K/1593112.jpg,http://images.cocodataset.org/train2014/COCO_train2014_000000087980.jpg
1593146,14966,https://cs.stanford.edu/people/rak248/VG_100K/1593146.jpg,http://images.cocodataset.org/train2014/COCO_train2014_000000014966.jpg
1593241,195998,https://cs.stanford.edu/people/rak248/VG_100K/1593241.jpg,http://images.cocodataset.org/train2014/COCO_train2014_000000195998.jpg
